68779923_2_1000046510804975562.csv,Country,true
14575591_0_5962885285845713108.csv,Thing,true
96971074_0_2380250642274572846.csv,Thing,true
9353071_0_969221250383056227.csv,Thing,true
94145647_0_4411495338698364870.csv,Thing,true
21547990_0_4278595903015489107.csv,Thing,true
15525140_24_4037246854219698153.csv,Thing,true
71137051_0_8039724067857124984.csv,Bird,true
9348099_0_390574653830621671.csv,FormulaOneRacer,true
76279179_0_1206538098393858428.csv,Company,true
40387275_6_6191495397368895712.csv,Thing,true
7207849_0_1015109135224818932.csv,Thing,true
30103516_1_7626625507688323656.csv,Thing,true
28788428_0_7847978656182431680.csv,MusicalWork,true
34119774_0_289423522044280059.csv,Thing,true
39650055_5_7135804139753401681.csv,Company,true
20986241_116_7013408060096179711.csv,Thing,true
31872906_0_6106277903085193669.csv,Place,true
64207896_0_3206705146602325658.csv,Monarch,true
5002114_6_4320409333965117351.csv,Country,true
64626513_0_6402630457637049755.csv,EducationalInstitution,true
98786033_0_3931553788835402240.csv,Thing,true
90593344_0_8311455501234425088.csv,Mountain,true
60527660_0_4311923120030730708.csv,Thing,true
83987849_0_5969920363690793217.csv,Country,true
31135207_0_1440209822839624711.csv,Country,true
87684775_0_3688301103288332064.csv,PopulatedPlace,true
63504330_0_8522180319329276399.csv,Thing,true
52982899_0_5726315103246010014.csv,Song,true
5920491_0_3348835015780600788.csv,Thing,true
75686837_0_7143521782053477488.csv,Thing,true
37222124_0_2523821086878486427.csv,Thing,true
41839679_0_3009344178474568371.csv,Monarch,true
91412091_0_7825290509158569518.csv,Thing,true
67044147_3_2407225246443640173.csv,Thing,true
38825076_4_4240132090463534680.csv,Thing,true
48154773_2_8458867040172221682.csv,Thing,true
62225043_0_1859194456424768736.csv,Plant,true
34061753_1_7120939110353093152.csv,Thing,true
25596525_7_8049218440277756227.csv,Thing,true
43619692_1_8695615891377032939.csv,Thing,true
15432418_0_1240151322836769987.csv,Thing,true
17871230_1_6194965835407257694.csv,Animal,true
36011298_0_6854642860526463972.csv,MusicalWork,true
31786950_6_6643972137715983094.csv,Thing,true
12125836_0_1134348206297032434.csv,RadioStation,true
2066887_0_746204117268168398.csv,Saint,true
44714784_0_9148174727002289290.csv,Animal,true
55150207_16_3215605693899991922.csv,Thing,true
23525318_0_7885756089060858697.csv,Thing,true
64453534_0_2231985329462980688.csv,Thing,true
36508695_2_4137125988909119946.csv,Company,true
82726631_0_8916527354641308381.csv,Bird,true
17362344_1_5095929604749154053.csv,Company,true
83532490_1_8333702357543616751.csv,Thing,true
15083191_0_8241448979933321195.csv,Thing,true
7866138_0_3576557501117896371.csv,Thing,true
14354060_0_2913685180675424978.csv,Hotel,true
62958765_0_3674859967182781097.csv,Thing,true
17627487_0_7482364338839093515.csv,Thing,true
38552884_0_7504620928763706132.csv,Thing,true
73146534_0_2437590818976170846.csv,Thing,true
3876573_0_5902554158837152331.csv,Language,true
73329570_0_6585265340512320118.csv,Thing,true
93282452_50_2022610686980235524.csv,Thing,true
53445890_1_3674988499038067538.csv,Thing,true
9155607_0_3860438754576233830.csv,Thing,true
66986032_1_2775601573719835514.csv,Thing,true
24859353_0_7027810986004269522.csv,Country,true
89892933_0_8247479835926862600.csv,Thing,true
61714447_0_2408934031491056964.csv,Thing,true
41346299_0_5222632701245297340.csv,Thing,true
24074438_0_5878229540726224471.csv,Country,true
60756411_0_463101439270968728.csv,Thing,true
61086277_0_5431539545753310611.csv,Thing,true
27411298_0_6391178424656872117.csv,Country,true
58480457_0_4976666994701664315.csv,Thing,true
40643655_0_1197576731513171589.csv,Thing,true
27100349_0_4569354779422013472.csv,MusicalWork,true
32936911_79_1142044601974469341.csv,Thing,true
28981185_0_4400650637320353140.csv,Thing,true
37856682_0_6818907050314633217.csv,AdministrativeRegion,true
20886950_0_139024002426598867.csv,Thing,true
92559788_0_507775366092031581.csv,Company,true
29414811_13_8724394428539174350.csv,VideoGame,true
55961337_0_6548713781034932742.csv,Country,true
44942480_0_2396126158991576450.csv,Thing,true
37766292_0_8154499853610546668.csv,Thing,true
66331605_0_697628901562774965.csv,Name,true
34574938_0_498813987749776643.csv,Thing,true
19655010_0_660968701335909436.csv,Thing,true
81018286_0_4591208644539747649.csv,Thing,true
18036618_0_7337008284167773018.csv,PoliticalParty,true
59296459_0_4532872443713262457.csv,Bird,true
5873256_0_7795190905731964989.csv,Airline,true
23723517_0_6355329536965120157.csv,Thing,true
1092764_0_7623796846778750529.csv,Software,true
30098333_0_6321221304321476486.csv,Thing,true
33832430_0_2157776220385390595.csv,Bird,true
12183399_0_6725061928072492226.csv,Country,true
66063951_0_7222945401533576619.csv,Thing,true
51416220_0_6217242186929928654.csv,Airport,true
27022788_15_8197756995366961874.csv,Thing,true
34822201_0_9172176454913296735.csv,Thing,true
65118854_0_3532892672194638773.csv,Country,true
13454929_38_5704125866480389014.csv,Thing,true
25820616_1_1721811200152530444.csv,Person,true
54282710_0_481888903935983790.csv,Thing,true
22405951_0_4867943948898983454.csv,Thing,true
45743876_0_3539118723491007120.csv,Thing,true
65842312_0_4733067625464702086.csv,Thing,true
48041281_0_813706116018869489.csv,Country,true
86956991_0_8784107551825329794.csv,Thing,true
94641913_13_3863476391565959148.csv,Thing,true
94529139_0_3232108098873849348.csv,Person,true
14107336_0_3506363793523926306.csv,Thing,true
54051027_0_7026756885592951638.csv,Thing,true
69403297_2_2175902877295838348.csv,Thing,true
28243215_1_5610452142092065890.csv,Magazine,true
77632062_0_2292892375652659825.csv,City,true
76024718_2_6908343154941649258.csv,Book,true
41648740_0_6959523681065295632.csv,Country,true
61483094_0_4075277537887508233.csv,Thing,true
54773498_0_4341462266113591159.csv,Building,true
19654359_0_3020273135042459469.csv,Airport,true
32936911_182_7701303896656147086.csv,Thing,true
32098846_0_4488653948540751214.csv,Thing,true
33542937_177_5470739689203597436.csv,Thing,true
43964237_0_8794045370629210428.csv,Thing,true
97474843_6_7066896745469800894.csv,Thing,true
26611045_0_6746367941095256533.csv,Thing,true
59207069_4_7753300106744071070.csv,Thing,true
9236355_0_2228874555257851396.csv,Company,true
57854801_0_1661074707552286501.csv,Thing,true
70371959_0_7248177035488974282.csv,Thing,true
59523103_0_2275976140216955204.csv,Thing,true
40267353_2_2384045885908782509.csv,Thing,true
21133717_14_4743040657362662857.csv,Thing,true
55600389_0_5880613671553215645.csv,Thing,true
24592192_0_1449930331605971322.csv,Thing,true
72504484_43_8279148711726695697.csv,Thing,true
72504484_122_9159367086125748071.csv,Thing,true
46728986_0_444959441861417753.csv,Country,true
60419946_0_6950995484145471192.csv,Thing,true
66975319_4_5997830201116388939.csv,Thing,true
70515524_0_5425995199745290007.csv,Monarch,true
83317528_0_3210634546537826218.csv,Thing,true
11078802_0_7941208004513610907.csv,Country,true
25157526_0_2463227439282443231.csv,Thing,true
37413595_0_3469255995901768738.csv,Thing,true
93162865_0_4661380442777459291.csv,Bird,true
79966524_0_1484492112455633784.csv,Animal,true
58366947_0_3203535355072917165.csv,Thing,true
81174246_0_428484255353142174.csv,Thing,true
568509_0_5722261996256193195.csv,Thing,true
14816632_0_3081391886649508022.csv,Software,true
2867461_9_4076106230106879066.csv,Thing,true
53239801_0_6039040367317189758.csv,BodyOfWater,true
29794780_2_7959320699748946876.csv,Country,true
40315458_0_6046678570941610878.csv,Thing,true
1407964_0_6143485661029372227.csv,Thing,true
77694908_0_6083291340991074532.csv,Film,true
8286121_0_8471791395229161598.csv,Country,true
40844462_1_6230938203735169234.csv,Film,true
10839274_0_8070025797940187411.csv,Thing,true
90646916_0_2176827423262506501.csv,Country,true
72504484_115_3878084906030694878.csv,Thing,true
76329923_47_269201759153159563.csv,Thing,true
40534006_0_4617468856744635526.csv,Wrestler,true
60407824_0_793377497970388034.csv,Plant,true
23875987_0_1190686571784462532.csv,Thing,true
34041816_1_4749054164534706977.csv,Airport,true
13421679_0_5058552107445971035.csv,Thing,true
1345836_0_6187292861722502195.csv,Drug,true
67093445_0_7283205747703070519.csv,Thing,true
835554_1_7449861553979744172.csv,Thing,true
22547657_0_2409535727302869297.csv,Thing,true
14350448_0_5782903699576186549.csv,Thing,true
61644639_0_7266560845637668813.csv,Bird,true
40132163_2_7749844203110316260.csv,Thing,true
20195534_1_8120886615859121961.csv,Country,true
56290718_2_6960578138961286808.csv,Thing,true
74744432_1_6997335219916488272.csv,Thing,true
35188621_0_6058553107571275232.csv,Film,true
38699298_0_695696105529252232.csv,Currency,true
74207889_193_42088949085190649.csv,Thing,true
84364483_0_200040456240997258.csv,BodyOfWater,true
71910945_1_7018021537796505946.csv,Thing,true
67179268_0_2295221666082539065.csv,Thing,true
34543932_0_8689820424092869963.csv,Thing,true
28423212_0_2742990779532526553.csv,Company,true
14555698_1_23103564445699262.csv,Thing,true
60265522_0_8170059261649167008.csv,Thing,true
34722358_0_1552592420151432330.csv,Thing,true
16285599_0_7976130015296321847.csv,Thing,true
76275868_0_4528346580716713695.csv,Country,true
35182166_0_8969211141216638082.csv,Thing,true
73988811_0_2775758476756716904.csv,Film,true
40971682_1_708220616644103323.csv,Thing,true
6979972_1_1881100639400203869.csv,Song,true
74718406_0_3914457597478137388.csv,Airport,true
80665696_1_3362754331402969071.csv,Thing,true
42136723_0_289384981320036396.csv,Thing,true
4636616_8_6539539572618746789.csv,RaceHorse,true
54096131_6_4439202306604839557.csv,Thing,true
65641496_1_9183694737133310884.csv,BaseballPlayer,true
52425262_0_5182099736652132739.csv,Thing,true
51868396_0_1119678589902929388.csv,Country,true
38390205_1_8150763005563658139.csv,Hospital,true
68738525_0_3364633069390727860.csv,Thing,true
58864412_0_2247318911149754674.csv,Thing,true
24339947_4_3416899111397649980.csv,Thing,true
4430589_3_6252073347670489743.csv,Thing,true
12151277_0_1262954734066545952.csv,Hospital,true
57222332_0_6149526731016667168.csv,Thing,true
22063172_0_1909307439535172487.csv,Thing,true
59165342_0_3980363442442546084.csv,Thing,true
47137584_0_5109961225899227154.csv,Thing,true
80237852_0_1302990044236773096.csv,Thing,true
7726089_0_5412236720470316378.csv,Thing,true
71671375_0_1715763047979962300.csv,University,true
4529948_0_1550758652841098872.csv,EurovisionSongContestEntry,true
64734047_0_5880705307495695536.csv,Hospital,true
57824455_2_7523691173144221165.csv,Drug,true
80885013_0_2043709142206907283.csv,Country,true
83540521_2_7518677327607562857.csv,Thing,true
31213481_2_2218923381673410604.csv,Thing,true
24367383_0_2252404106647851634.csv,Event,true
99921003_0_5661115012444108506.csv,Company,true
86921086_0_4332527216340486404.csv,Country,true
67797811_0_2813830157792497197.csv,Thing,true
19977952_0_1517779187177062940.csv,Thing,true
40950538_31_2892972536008216498.csv,Thing,true
9824300_1_8582038314438570069.csv,Thing,true
99925012_1_5766123608449320739.csv,Thing,true
90814644_1_2205524348085456824.csv,Thing,true
45075051_0_5426860300967245967.csv,Bird,true
38732532_0_1420803645394505878.csv,Monarch,true
60959543_0_4931022751531760269.csv,Company,true
89472016_0_7556326221906081768.csv,Thing,true
97386339_1_147111789071185436.csv,Thing,true
37189616_5_1753841707940561431.csv,Thing,true
44877357_1_2247154626618644005.csv,City,true
15057462_0_1530812940719919446.csv,Currency,true
95588709_0_401218008658169515.csv,Thing,true
10873866_0_1805633075686084849.csv,Thing,true
18321599_0_4014218119449874050.csv,Thing,true
12642001_0_4792360294736233718.csv,Thing,true
63531694_0_6076216756949566759.csv,Thing,true
49019651_0_5351938389276238457.csv,Country,true
52854652_1_4170825918153137646.csv,Thing,true
32895857_0_3993756370483203775.csv,Thing,true
44401792_1_3970216273626799039.csv,Thing,true
63798710_0_5742391230765841732.csv,Pornstar,true
76373906_0_6904594838446307331.csv,PoliticalParty,true
50258076_0_4341838617869068560.csv,Thing,true
37459268_0_489443258876303438.csv,Thing,true
65189388_0_5865341865446874232.csv,Company,true
42993107_0_8568554921502395746.csv,Thing,true
32005983_0_443343234959325691.csv,Country,true
29805275_0_6329367004902471521.csv,Company,true
70565309_0_34520180832378985.csv,Thing,true
3663912_0_6311299675106353142.csv,Thing,true
40505570_0_8638521973802413541.csv,Thing,true
54033859_1_2253624593630093101.csv,Thing,true
78383459_0_2437257350284032437.csv,Animal,true
4501311_8_8306082458935575308.csv,VideoGame,true
10057926_0_6000962521981596991.csv,Website,true
10920963_0_6888673123237105915.csv,Thing,true
39478814_3_6429112417617954666.csv,Thing,true
55750261_0_6620940596560718448.csv,Person,true
15616688_0_6131177408427910653.csv,Thing,true
52022135_0_2643551208550870233.csv,Thing,true
55130116_0_6793189806545656100.csv,Thing,true
9052934_1_603098488450625518.csv,Thing,true
47709681_0_4437772923903322343.csv,VideoGame,true
14159139_0_4625969205094263985.csv,Thing,true
51657476_0_2219779576478873572.csv,Thing,true
20452010_0_6205906674657656642.csv,Thing,true
53618211_1_2673446091467290852.csv,Company,true
62831654_25_7737771774334981129.csv,Thing,true
79355569_0_8014639588533418593.csv,Thing,true
8929333_0_2135581147445421344.csv,Plant,true
18504214_6_2124923456539113038.csv,Country,true
86325681_0_2081149093246026700.csv,Company,true
98068544_0_2338780145512793497.csv,Thing,true
12193237_0_8699643798888088574.csv,Country,true
12057659_0_3661191872772619158.csv,Country,true
31418133_0_5451026585388403176.csv,Thing,true
17769450_0_8003688464359007517.csv,MusicalWork,true
2468123_0_5092306562428550818.csv,Thing,true
29273054_0_334665696887091888.csv,EducationalInstitution,true
30258632_6_174171375406739528.csv,Thing,true
98981185_0_2615993956085497335.csv,Thing,true
42514101_0_1543017126475112396.csv,Thing,true
68464689_0_212365812411394289.csv,Broadcaster,true
70307033_1_3534676265082192994.csv,Person,true
35154450_0_3374117651142658092.csv,Thing,true
24792508_0_7293634986683448671.csv,Country,true
4943567_0_2250059049922745611.csv,Thing,true
93662107_2_5264185780735473868.csv,Thing,true
9686394_0_5980699488362107028.csv,Airport,true
24680176_0_5228087873652069319.csv,Museum,true
75432342_1_6073898649859596886.csv,Thing,true
1801329_3_6838017315001891413.csv,Thing,true
15888487_0_6601674255986901010.csv,SportCompetitionResult,true
51875901_0_2828910619908592440.csv,Thing,true
42725605_6_1315753541762498468.csv,Country,true
1024577_0_1332094105532256624.csv,Thing,true
97360836_0_9092594910210166642.csv,Thing,true
7610186_0_782756596763357915.csv,University,true
8752844_0_645740876771519105.csv,Thing,true
56924911_0_8545119789109157250.csv,Thing,true
97911857_1_7186650966664834240.csv,Thing,true
28814826_0_876608022830862695.csv,Thing,true
13248844_0_7033945055636530017.csv,SportCompetitionResult,true
46501732_0_7847615138468645815.csv,Thing,true
85194482_0_2894933110516756248.csv,Thing,true
57922100_0_7750219757803635230.csv,Language,true
62559366_0_3190486164961132257.csv,Bird,true
36720634_0_7086221040977265332.csv,Thing,true
2683781_0_1343172514357786316.csv,Thing,true
80648912_0_8673424560811717782.csv,Thing,true
4530781_0_3396832715095698658.csv,Thing,true
45018028_0_9098775457456435236.csv,Thing,true
24142265_0_4577466141408796359.csv,VideoGame,true
23217357_1_413865838626629786.csv,Thing,true
19205420_1_3666230743965510005.csv,Thing,true
62843597_1_7073101065752317982.csv,Thing,true
47479117_1_2455340828580378339.csv,Thing,true
52403935_0_8558406730643811767.csv,Country,true
47392321_4_5420957471660634221.csv,Thing,true
8980790_0_2238070999991442093.csv,Bird,true
81738060_0_3707806639852695037.csv,Country,true
26370555_0_4475060758756720112.csv,Thing,true
4896632_0_3890959892172586358.csv,Thing,true
5562491_0_9175174803830766187.csv,Thing,true
243582_0_6581279763236578340.csv,Thing,true
78177394_0_4499584510888289776.csv,Film,true
44870261_0_3668780074296753372.csv,Thing,true
53661868_0_4162172636320980570.csv,Thing,true
13162205_1_376767417961358362.csv,Thing,true
53989675_0_8697482470743954630.csv,Lake,true
43767696_0_6748930754185366156.csv,Thing,true
87104648_0_3963829407788325809.csv,Country,true
82806029_2_7792188988245343457.csv,Thing,true
83707817_0_383594793553009396.csv,Thing,true
24735918_0_1570130730328892503.csv,Thing,true
19361188_0_1640726405141876003.csv,Mountain,true
66649964_1_4770772113518499696.csv,Thing,true
34816304_0_3101573604151285949.csv,Film,true
98533430_1_1845746953706686397.csv,Thing,true
20163699_0_5818010069188461996.csv,Language,true
43226272_0_5995103035300388365.csv,Hospital,true
89343298_0_2773729909713630809.csv,RadioStation,true
3887681_0_7938589465814037992.csv,Lake,true
74556168_0_3811062900306113828.csv,Animal,true
36947132_3_6827197521362373979.csv,Thing,true
36275014_0_1320157761771344844.csv,Bird,true
78005071_0_8643954006825971723.csv,PoliticalParty,true
32936911_212_1667647199130440014.csv,Thing,true
13719111_1_5719401842463579519.csv,Bird,true
44825467_0_3334905242446287941.csv,Thing,true
56884611_0_7237980304707930503.csv,Thing,true
30199879_0_5185995537555298667.csv,Bird,true
13590688_9_1701344089936157739.csv,Thing,true
26656864_0_2299226445785333915.csv,Thing,true
6660241_0_1736079282915860712.csv,Thing,true
24566079_0_4584843145621243229.csv,Thing,true
72504484_58_5947532188503498108.csv,Thing,true
38238783_0_4144778912351744096.csv,TelevisionStation,true
36265897_0_3798499892320993119.csv,Thing,true
84548468_0_5955155464119382182.csv,Film,true
37933521_0_7539882566937935699.csv,Automobile,true
37890759_0_5688536186176440393.csv,Thing,true
4751392_1_7561974939330324140.csv,Company,true
26521392_0_1750758178552952513.csv,Thing,true
96880165_0_8760710182606728196.csv,Thing,true
58731159_1_1993632016912997244.csv,Thing,true
67885101_0_3926549681542041838.csv,Thing,true
73337825_0_5037894923182273301.csv,Thing,true
61894188_4_8374266675861524130.csv,Thing,true
62287421_1_443440401164828923.csv,Thing,true
4685482_1_9072139933504839463.csv,Thing,true
41016576_7_6651837491156038142.csv,Thing,true
63458570_0_1040652754183343038.csv,Thing,true
10671199_0_4401463711106538720.csv,Thing,true
43957007_0_5757825923496272119.csv,Plant,true
33411951_0_7036573324457088922.csv,Thing,true
58583141_0_4422482019973056692.csv,Thing,true
33401079_0_9127583903019856402.csv,Person,true
46172448_0_1805810713802882987.csv,Device,true
99959710_1_276305307125872369.csv,Thing,true
41819807_0_3139249984404131679.csv,Lake,true
63450419_0_8012592961815711786.csv,Plant,true
32051842_5_1757891723986774036.csv,Museum,true
35125436_0_6069822486188126873.csv,Thing,true
62508577_3_4122200956076290255.csv,Thing,true
41026337_0_886370384864044041.csv,Thing,true
88732174_0_7321365014357502211.csv,BaseballPlayer,true
18335243_0_2873573649899205343.csv,Country,true
98312357_0_6395417306876145729.csv,Monarch,true
52909046_2_5550330438930245680.csv,Thing,true
53821838_3_6166357487530518502.csv,Thing,true
15178390_0_7608303521974878449.csv,Thing,true
92054043_0_8581031082268154051.csv,Country,true
81298835_0_3785929572545818165.csv,Thing,true
75154185_0_1607627349983289012.csv,City,true
10717313_0_3182763767402133661.csv,Thing,true
49901618_0_8995817509303293567.csv,Thing,true
58533279_0_3932323262620860358.csv,Thing,true
27587314_0_6929296780512432417.csv,Thing,true
65788877_0_1168893171575330375.csv,VideoGame,true
10536519_0_2290420058767548358.csv,Thing,true
47317465_0_4626110653822163171.csv,Thing,true
37275140_0_5685131683017704815.csv,Thing,true
66968480_0_4388219332323964818.csv,Thing,true
56187888_1_5540349612507570252.csv,Thing,true
71767677_0_3434779509265146845.csv,Politician,true
98953468_0_1830141940040950217.csv,Mountain,true
73258673_3_8747073814423019468.csv,Thing,true
85266574_1_5749019246018311248.csv,Thing,true
50846966_0_2977319908975106472.csv,Thing,true
78341053_2_7670344559150028058.csv,Thing,true
32156062_0_5056375375263102264.csv,Plant,true
74685423_0_8061289760697103949.csv,Bird,true
57316125_0_8567044795759993450.csv,Thing,true
4444204_0_951426790527152756.csv,City,true
67203569_0_6608493047297130877.csv,Thing,true
1855026_0_4062150166041484956.csv,Country,true
42098118_0_3828961273950942592.csv,Person,true
32936911_255_3510331656465798609.csv,Thing,true
46772841_0_1233091616050615580.csv,Thing,true
30656229_0_5601119865306869076.csv,Bird,true
39107734_2_2329160387535788734.csv,Airport,true
92111393_0_1009902572503609614.csv,Thing,true
636568_0_6941338869346314882.csv,Thing,true
41612329_0_7158224623202100303.csv,Country,true
36060320_0_832410686984280719.csv,BroadcastNetwork,true
17526697_2_1272121202546996894.csv,Thing,true
31873912_0_6577798048248876844.csv,Thing,true
89121813_0_8488792415402446658.csv,Airport,true
73687511_0_4377261565497906819.csv,Airport,true
21329809_0_5526008408364682899.csv,City,true
71261630_0_4669122890071218234.csv,Country,true
90723763_0_874013697986950454.csv,Company,true
26012073_0_4024532376425802165.csv,Thing,true
86297395_0_6919201319699354263.csv,Country,true
70899893_0_2044273849998790147.csv,Thing,true
25091969_0_6619123450052764458.csv,Thing,true
14051105_2_9046503522559272925.csv,Thing,true
30209651_0_2750903484471900156.csv,Thing,true
43247298_0_2033967289506821780.csv,Thing,true
29021592_4_4348860179678308511.csv,Monarch,true
82156899_0_7545192805719564181.csv,Thing,true
34883336_14_1496740993328720762.csv,Thing,true
16859162_0_3476610250666232960.csv,Person,true
49875628_1_4775435000917189501.csv,Thing,true
64774884_4_8264844382731565957.csv,Thing,true
62287521_0_325748558875048113.csv,Thing,true
3778413_0_1919795200505703071.csv,Thing,true
46491020_0_3551224977912370279.csv,Thing,true
4411695_0_2528656969052141796.csv,Thing,true
59627535_0_8084048177931079431.csv,Thing,true
25404227_0_2240631045609013057.csv,Film,true
49126546_0_1746243181671465373.csv,Thing,true
76024718_4_3812276283361955732.csv,Thing,true
54328542_0_4745821570785243614.csv,Thing,true
31725861_0_8171652514393345273.csv,Thing,true
13204288_0_4420526718603042428.csv,Film,true
44587550_0_2637346328765885203.csv,Thing,true
56587432_0_4826884858325213402.csv,Person,true
37541068_1_1156932518917623732.csv,BaseballPlayer,true
85901922_0_5673553749572115602.csv,Thing,true
30400241_0_3885722492749265448.csv,Thing,true
79260153_0_6194795638543327793.csv,Thing,true
79327346_0_5787863739697336601.csv,Country,true
39759273_0_1427898308030295194.csv,Film,true
1202106_0_7162348512030877745.csv,Thing,true
73852924_0_9032668884550044338.csv,Artwork,true
49880149_0_5062706535284418525.csv,Thing,true
14380604_4_3329235705746762392.csv,Company,true
26310680_0_5150772059999313798.csv,Country,true
21399277_1_7289676435767636334.csv,Thing,true
92642706_0_498599773485263607.csv,Thing,true
67583830_0_8311359334436377719.csv,Country,true
71840765_0_6664391841933033844.csv,Lake,true
12271141_0_8517913935669973086.csv,Company,true
20471101_0_9006020297939439825.csv,Thing,true
47630102_0_972548772456606508.csv,Thing,true
29414811_2_4773219892816395776.csv,VideoGame,true
1801329_1_7555199190723415286.csv,Thing,true
73133559_0_8656986608253802319.csv,Thing,true
20163699_0_8822874041223278819.csv,Country,true
45073662_0_3179937335063201739.csv,BaseballPlayer,true
24077534_0_8573937744668754479.csv,Thing,true
58514135_0_5466490973366023396.csv,Thing,true
33555671_0_505543568993394600.csv,Company,true
20953935_0_7974402854399060978.csv,Thing,true
44093346_0_7165907832043750308.csv,Thing,true
69087760_0_6791607857165612682.csv,Thing,true
22234078_0_8912206595924014778.csv,Thing,true
29727802_0_7095681027861711849.csv,Thing,true
34488873_1_7199968589544243960.csv,TelevisionStation,true
97942455_0_3481125087437023681.csv,Thing,true
12266665_6_7238514912844950425.csv,Thing,true
95412885_0_7256119144857675794.csv,Thing,true
25514012_0_5472457774387937024.csv,Organisation,true
29412826_0_3422707769191426540.csv,Museum,true
64717971_0_3138560862134991533.csv,Thing,true
69878744_0_5424444000137216133.csv,MusicalWork,true
94525151_2_3371732425416973742.csv,Thing,true
19272019_0_1508498249156534553.csv,University,true
85522937_0_3467998045280685118.csv,Thing,true
13394416_1_955556685828941571.csv,Thing,true
37815699_0_8391788584341609964.csv,Person,true
89127467_1_2594822995540805822.csv,Thing,true
23892112_3_8520655175715472850.csv,Thing,true
58675154_0_6377109358111606703.csv,Hotel,true
42308623_0_5342111286249136504.csv,Thing,true
32802983_0_2900829447742142564.csv,Thing,true
45116302_0_146731452248632004.csv,Bird,true
32711088_0_8889280310816732641.csv,Thing,true
78317991_1_7924079972301692757.csv,Thing,true
2948277_0_5513024251620298669.csv,Book,true
1535985_0_5848003304892543720.csv,Thing,true
98245293_0_5124882856290268179.csv,Thing,true
7130948_0_3836104717464631726.csv,Sport,true
41480166_0_6681239260286218499.csv,Saint,true
46139905_0_5412590696107324573.csv,Thing,true
92566151_0_3768172302415340884.csv,Bird,true
83447852_0_6927237628009465871.csv,Film,true
56495206_0_4505475076259276721.csv,Company,true
91706020_0_5186837534229749487.csv,VideoGame,true
62411443_54_6996652062706955963.csv,Thing,true
6869358_0_1379459120563510331.csv,Book,true
80255499_92_8843377411837968002.csv,Thing,true
2841968_0_4345233899983265819.csv,Thing,true
92433016_0_3102737682394560247.csv,Thing,true
16227104_0_473899354240481936.csv,Thing,true
12768557_1_7014880346000519668.csv,Thing,true
32560590_0_5010888532291286186.csv,Thing,true
66758348_0_5433261871901472172.csv,Plant,true
80992694_0_3506971500806631353.csv,SportCompetitionResult,true
10425899_1_1216565737193369941.csv,Thing,true
86068558_0_3546907238486221744.csv,Thing,true
5833105_0_5568979829268945694.csv,Company,true
21175389_0_2334098613497427421.csv,Thing,true
52984608_2_4809638055705573842.csv,Thing,true
15576104_0_3849177587505429332.csv,Thing,true
14266497_0_1858533525887600690.csv,Thing,true
31696407_0_8404526924101263779.csv,Thing,true
76901387_5_7208130730915207843.csv,Thing,true
55238374_0_3379409961751009152.csv,Country,true
35034077_1_8223903941473044453.csv,Thing,true
79028402_0_7946997937733920282.csv,Plant,true
5440780_2_4254981184557979540.csv,Broadcaster,true
61121469_0_6337620713408906340.csv,Country,true
27657698_0_3510239051008183618.csv,Thing,true
28073618_0_8603600168706862110.csv,Plant,true
74207889_93_5675601229348704290.csv,Thing,true
41194422_0_7231546114369966811.csv,Country,true
47737985_0_1462039376687852495.csv,Thing,true
99996256_0_1502865950878164819.csv,Thing,true
43426626_1_2354699796985248218.csv,Thing,true
43819019_0_4392783738290559910.csv,BodyOfWater,true
88036788_0_1007274226257237127.csv,Beverage,true
68019283_0_4436248583640719107.csv,Thing,true
58212734_0_6552554663115794336.csv,Thing,true
10630177_0_4831842476649004753.csv,Building,true
72605889_0_4233791931010370770.csv,Thing,true
5580128_1_3463861104757407695.csv,Thing,true
474538_1_8115031968784762914.csv,Thing,true
25313031_0_7618936086293867880.csv,Book,true
53023566_0_5818064418159915899.csv,Thing,true
668820_3_6303908402909352028.csv,Thing,true
82484302_3_3744533925446753851.csv,Thing,true
33676549_6_910230710890867995.csv,Country,true
76044168_1_6742566837293717929.csv,Fashion,true
65186782_0_5804072909440491396.csv,Company,true
5486184_0_6049456111617309980.csv,Company,true
90640811_5_2143904236720223578.csv,Thing,true
17048491_0_5985584303686132948.csv,Thing,true
21593544_5_7251737552085133432.csv,Thing,true
49953332_0_3803413564812768748.csv,Thing,true
72736276_0_1907049776942169976.csv,Language,true
942086_179_2759674150704638002.csv,Thing,true
67865873_0_8259587610208037357.csv,Country,true
15839549_1_1576224988022853418.csv,Thing,true
2497951_0_8882706287357403939.csv,Thing,true
7802673_1_1957523967714325091.csv,University,true
61939025_17_7242953037395235409.csv,Thing,true
51741865_0_9203644246202164492.csv,RadioStation,true
88969891_0_285296595456206618.csv,Language,true
20135078_0_7570343137119682530.csv,Film,true
32757437_0_1447170835725906337.csv,Thing,true
40018721_0_3199004098109121018.csv,Thing,true
50245608_0_871275842592178099.csv,Film,true
89862402_0_5260730200020719536.csv,Thing,true
26176553_0_1286537316787525249.csv,Airport,true
21337553_0_8832378999628437599.csv,Mountain,true
45318525_0_2316618400996291591.csv,Company,true
33571539_0_2329208419585142944.csv,Thing,true
30882673_0_3413624639855299467.csv,Thing,true
62829759_0_2671177930807868597.csv,Company,true
82169340_0_832291859149172943.csv,Person,true
20616539_0_4816222926195636666.csv,Company,true
37402655_0_9176587382722029523.csv,SoccerPlayer,true
1947163_0_7355182740276274201.csv,Thing,true
1831018_0_1305343919145975177.csv,Thing,true
12089848_10_5885790408774094668.csv,Thing,true
79160361_0_8435019164828629630.csv,VideoGame,true
342773_0_1457463982505019607.csv,Thing,true
74105752_1_3013731465511379585.csv,Thing,true
1614988_0_8789868670151796042.csv,Scientist,true
37357992_0_6637384311705961632.csv,Thing,true
58530629_1_8489387203222722499.csv,Thing,true
81451271_0_8111827565827966998.csv,Thing,true
42457508_0_1207029808312772659.csv,Thing,true
93282452_73_5554347524845149800.csv,Thing,true
47199449_0_6002008131350048154.csv,Plant,true
12371501_0_4530302292430566814.csv,Country,true
16080398_0_7420904766450708625.csv,Thing,true
43469354_0_6029017163991310319.csv,City,true
3305556_0_5246022107429095099.csv,Thing,true
55120282_25_1899610663503878210.csv,Thing,true
3666987_0_5714331005592158743.csv,Thing,true
11833461_1_3811022039809817402.csv,VideoGame,true
43397604_0_4128381611698871392.csv,Thing,true
38428277_0_1311643810102462607.csv,Film,true
56114508_4_5357335479267140017.csv,Thing,true
5829717_0_6864027211840908773.csv,Company,true
21918326_0_5197856315954587749.csv,Thing,true
50284735_0_1616038724003997723.csv,Thing,true
54265298_0_1836334575944453292.csv,Thing,true
59987833_1_2594691957056394233.csv,Company,true
30737414_0_4329295282139475833.csv,Company,true
65645709_0_1393121662015892050.csv,Thing,true
47171287_0_1705507707554000067.csv,SportCompetitionResult,true
19061339_0_5171936399481891474.csv,Country,true
58530487_0_5905537284448499018.csv,Thing,true
29657923_0_7780073463135694405.csv,Athlete,true
79955570_0_4936871185979477681.csv,Thing,true
3457888_0_8873574934591914380.csv,Thing,true
60565342_5_4884058491506363293.csv,BaseballPlayer,true
54719588_0_8417197176086756912.csv,Film,true
52208141_2_5171684379987586712.csv,Museum,true
8567121_0_6515641868675853546.csv,Song,true
41524216_0_4346551848289098308.csv,Thing,true
49572963_0_5733511872650693900.csv,University,true
22285142_0_2184077951822130001.csv,Thing,true
14311244_0_7604843865524657408.csv,Mountain,true
10444272_0_6840822559842330948.csv,Song,true
50934533_0_3604672441453881651.csv,Thing,true
23814645_0_6779977923572028255.csv,Thing,true
41810530_1_5017732121580201319.csv,Thing,true
52615705_0_507644927311341481.csv,Thing,true
9567241_0_5666388268510912770.csv,Newspaper,true
30426817_0_4481953970933098012.csv,University,true
41726814_0_5246690523541594527.csv,Thing,true
11363156_0_5872099527568241360.csv,Thing,true
45782592_1_987775950858384778.csv,Thing,true
99026184_0_499559488212231355.csv,Thing,true
10786782_0_7941448888047609465.csv,Company,true
50223062_1_141844168318922848.csv,Thing,true
73309672_0_8413332717662551162.csv,Thing,true
58089410_0_6172671259261802663.csv,BodyOfWater,true
26130822_0_9083778740341106839.csv,Currency,true
13210603_0_200258762100398800.csv,Country,true
23856534_0_6263475333577800647.csv,Bird,true
60395849_1_4645677549774253864.csv,Thing,true
14322425_0_281964118534741951.csv,Country,true
26804367_0_1270285725806925479.csv,Thing,true
59834519_2_3174952945641379006.csv,Drug,true
7601761_0_5711732824768669832.csv,Thing,true
28646774_0_3256889721737611537.csv,PoliticalParty,true
42674710_1_5834642935016858864.csv,Food,true
29141743_0_765391262657442741.csv,WrittenWork,true
83130342_0_5685196559796819416.csv,Thing,true
24245434_0_3567786096568748571.csv,Thing,true
62112420_0_1512359368759345872.csv,Company,true
67084505_0_5135908294330238836.csv,Thing,true
40246909_0_3850686035102408556.csv,Thing,true
191616_0_1698324778713862982.csv,Thing,true
32647433_0_443626249546197655.csv,Thing,true
92298467_0_6668323630240480756.csv,Thing,true
96960685_0_6886906070865701391.csv,Thing,true
52113152_1_2091909504328834826.csv,Thing,true
63806654_0_821234397704980782.csv,Thing,true
61546166_0_1701579006600848663.csv,Thing,true
56113025_0_8495089757479620825.csv,Thing,true
74207889_106_7633240757596517189.csv,Thing,true
10141841_0_473063208079217959.csv,Company,true
10214239_1_395775245341301142.csv,Thing,true
20082970_0_834986473129710647.csv,Thing,true
61589954_0_2868434145518191545.csv,Thing,true
336175_0_160385936713494019.csv,Thing,true
17403723_0_3002028163602543505.csv,Thing,true
16767252_0_2409448375013995751.csv,Film,true
41532913_0_4899559436444266508.csv,Country,true
24417511_0_3058323105166963431.csv,BaseballPlayer,true
9931816_0_2647599887020622155.csv,Country,true
61371918_83_8053355487268989736.csv,Thing,true
86627271_6_2239821927452848323.csv,Lake,true
8046117_0_2578055099402811078.csv,Website,true
32939195_2_4766751392395748495.csv,Thing,true
10441151_6_8222385521125108252.csv,Country,true
14600983_0_6164010828511632198.csv,Language,true
8545566_0_4213948895919669638.csv,Software,true
61895295_0_513515662608246567.csv,Thing,true
53583534_0_503521622577229691.csv,Building,true
42504652_0_1678070644949179289.csv,Thing,true
60884685_1_5420701306478974044.csv,MusicalWork,true
71142079_0_7399742082419392758.csv,Bird,true
87144570_0_8534450429364138528.csv,Company,true
57943722_0_8666078014685775876.csv,Country,true
70404164_0_5498195978476333642.csv,City,true
3962429_0_3452614694863053249.csv,Hotel,true
21552293_0_9171645897543437339.csv,Thing,true
29414811_12_251152470253168163.csv,VideoGame,true
32459705_0_3646391432697673305.csv,Thing,true
53982396_4_3787329654143109652.csv,Company,true
24925757_0_5649889126348414819.csv,Thing,true
96203994_0_2127964719640427252.csv,Company,true
64499281_8_7181683886563136802.csv,Museum,true
55696186_0_8889766031116245122.csv,Country,true
9187872_0_2424072302871164128.csv,Thing,true
67653322_0_8204987257992618138.csv,Newspaper,true
74771135_0_671393216271432897.csv,Country,true
57602699_0_5113381867764934386.csv,Thing,true
60565342_0_3662022478224529103.csv,BaseballTeam,true
57938705_0_8737506792349461963.csv,VideoGame,true
54116358_0_168219455817928357.csv,Thing,true
51875060_0_2076519479036158547.csv,Country,true
6227218_6_8192601456922178563.csv,Country,true
63615246_1_4820250400668642727.csv,Thing,true
60221793_0_9044598557533878929.csv,Thing,true
45191108_0_5139269277436653647.csv,Thing,true
33722761_0_6809412186615601234.csv,Thing,true
36970377_0_4261148900882618582.csv,Thing,true
88869808_0_488723187047472581.csv,Building,true
83406531_0_7422016992070747874.csv,Thing,true
21333456_2_1886495893795687264.csv,Scientist,true
5935586_0_5051144311357820225.csv,Thing,true
3490605_0_35062457443002516.csv,Thing,true
38962855_1_897626935236411661.csv,Organisation,true
17517667_4_1770060323724374078.csv,Thing,true
31811842_0_1235726860101555127.csv,Thing,true
86140967_0_5653612945919489152.csv,Thing,true
25596525_19_493017381832871561.csv,Person,true
44734085_0_7998003037628300641.csv,Thing,true
47414637_0_3386496413651203173.csv,Thing,true
32286995_0_428076949991393276.csv,Thing,true
72620259_2_8639970203894610229.csv,SportCompetitionResult,true
65266991_0_2721266641099340288.csv,Thing,true
83577589_0_3008022348570648346.csv,MusicalWork,true
34883336_59_4189696936337615546.csv,Thing,true
44980526_0_7205957710458910707.csv,Thing,true
15372765_0_8035371262038570271.csv,TelevisionShow,true
28236078_0_711461011835296057.csv,Thing,true
95017961_1_9085480426051287810.csv,Thing,true
68442591_0_8506821153001360777.csv,Hospital,true
2527169_2_5639845691227964904.csv,Thing,true
93024705_0_204861952610746263.csv,Thing,true
45593932_0_6869375743660252130.csv,Scientist,true
92896255_0_4593968708343548527.csv,Plant,true
22864497_0_8632623712684511496.csv,VideoGame,true
99542663_0_7603724551662549602.csv,Thing,true
26475274_0_5169875566714779559.csv,Thing,true
82655176_0_3602776456342016476.csv,Thing,true
85276835_0_554358776500088676.csv,BodyOfWater,true
7345787_0_7542471990258907425.csv,Thing,true
80317637_0_8482966621484727066.csv,Thing,true
39606331_0_1646213676302448706.csv,PoliticalParty,true
87065718_2_3198792361477882215.csv,WrittenWork,true
2648307_0_3662743870350035178.csv,Software,true
17440221_1_1448643917281630024.csv,Company,true
8009320_0_5507755752653817624.csv,Country,true
38717882_0_7802466317652487607.csv,Thing,true
20305894_0_4488304637754124496.csv,Thing,true
4608718_0_4614287393708450880.csv,EurovisionSongContestEntry,true
38987686_0_7135762360717955737.csv,Thing,true
39194304_0_3756573859436846370.csv,Thing,true
43942672_0_7638536655105773170.csv,Thing,true
19424472_0_4455691848372097990.csv,Film,true
77752478_5_734955384866912081.csv,Thing,true
22987653_1_1444521003651780995.csv,Scientist,true
20961950_1_1802689598502896233.csv,Thing,true
8942786_0_476114605445804453.csv,Thing,true
87586853_0_3735179948131609706.csv,Thing,true
57793840_6_5103540736532729331.csv,Country,true
71646049_0_4120046186242722159.csv,Thing,true
28079336_2_2139598421036200532.csv,Company,true
56370072_0_2275438251052001111.csv,Thing,true
32812626_0_5428724146873158593.csv,Hospital,true
29823760_1_4859843782270105664.csv,Thing,true
11278409_0_3742771475298785475.csv,Company,true
28494901_6_7026744149694237309.csv,Scientist,true
47366536_0_7934210749883396000.csv,GovernmentalAdministrativeRegion,true
8787838_1_4485015334954333201.csv,Thing,true
34501970_0_2477755352098394078.csv,Song,true
48495038_0_1033305650426317920.csv,Album,true
9744586_0_381567360599034900.csv,Building,true
56699591_1_587931249299021802.csv,City,true
20616754_0_2107151855994528708.csv,Thing,true
21489131_1_4878161596208340806.csv,Plant,true
7434454_0_4815967421822894315.csv,Country,true
37033280_0_8548118061960249334.csv,Thing,true
69700242_0_5083336231505084859.csv,Thing,true
35220411_0_857837380451119553.csv,Company,true
63003117_0_7618886323097127239.csv,Thing,true
73664294_6_5973090938640571720.csv,Country,true
25204028_0_5607873390344527171.csv,Thing,true
22711188_0_8855302862541065948.csv,Thing,true
33067063_1_8549415117629739823.csv,Plant,true
40096374_0_24841992681520176.csv,Thing,true
90920151_0_2773619274051152077.csv,Thing,true
84298322_1_8543362646571974060.csv,Thing,true
41736610_0_4529393767763359475.csv,Country,true
53852445_1_9091329271177363354.csv,Company,true
81024249_0_62186987559658105.csv,Film,true
35462265_0_5392458233017837374.csv,Thing,true
4977991_0_4118394545723406352.csv,EducationalInstitution,true
1161089_0_5465370998821558786.csv,Country,true
17736709_0_1564394106449716848.csv,Thing,true
23381801_2_9215343144058356737.csv,ProgrammingLanguage,true
8567113_1_3491586761914499388.csv,Thing,true
94397716_0_8327583744512947214.csv,Country,true
18993206_0_3760102484535903020.csv,Thing,true
46545953_0_1390715569559136600.csv,Thing,true
853984_0_6401712005804835925.csv,Thing,true
25675005_0_1177227297295622465.csv,Thing,true
68443503_0_1864745991457698216.csv,Country,true
90872762_2_6397052065558578405.csv,Country,true
74456629_0_9181708091579983775.csv,Thing,true
12030760_2_2831395308495902552.csv,Thing,true
72456516_1_6288079886835841512.csv,Thing,true
11258809_0_2785415178891440956.csv,Thing,true
24850757_0_5978004733768297283.csv,Country,true
21354853_0_6153385722741245059.csv,Thing,true
2999779_0_7805385480402368959.csv,Thing,true
98458255_0_5873264818593370400.csv,AcademicJournal,true
19330239_0_1196798682503639631.csv,Thing,true
72363745_7_4457832434001668856.csv,Thing,true
44005578_0_5400481538370055338.csv,PoliticalParty,true
56975870_0_9027279863115811222.csv,Country,true
28154036_0_909001972154294543.csv,PoliticalParty,true
85980028_0_2760165617119954506.csv,Thing,true
29160780_1_1225658508088014874.csv,Thing,true
4730513_0_8573199053866072336.csv,Scientist,true
27115185_118_1430390750803198949.csv,Thing,true
49801939_0_6964113429298874283.csv,Mountain,true
20986241_65_3608925342189645289.csv,Thing,true
7770782_0_7685222592074548181.csv,Thing,true
40306430_0_503078389414872953.csv,Thing,true
47101798_1_4424372688353800689.csv,MusicalWork,true
27115185_25_6617652978902760028.csv,Thing,true
5319693_0_2365634686161800662.csv,Thing,true
91223933_0_1674101905762288058.csv,Thing,true
35441429_0_6133989703583307984.csv,Organisation,true
57471743_0_4085523800108040264.csv,Thing,true
59937057_0_1339977062851150615.csv,Thing,true
31139951_0_8852229137797828732.csv,Museum,true
71906453_0_7287774935077400431.csv,Company,true
62564020_0_3836030043284699244.csv,Animal,true
73116685_0_266120428606342000.csv,Thing,true
9143922_0_4467777872333855712.csv,Stadium,true
9834884_0_3871985887467090123.csv,Museum,true
1059202_5_7486554791844585546.csv,Thing,true
64146890_0_7633297468234955085.csv,Thing,true
34899692_0_6530393048033763438.csv,Country,true
20986241_50_4809901414396519122.csv,Thing,true
86830941_1_9170380716357486162.csv,Thing,true
35206415_0_7787519127740003702.csv,Bird,true
20354725_0_8643504644055547266.csv,Thing,true
49087820_0_461228320225084868.csv,Country,true
75022277_0_6693812820589580743.csv,Thing,true
62916501_0_177468011659010922.csv,Thing,true
13437813_1_4984590106101769540.csv,MusicalWork,true
64955236_6_3207697025849543097.csv,Thing,true
15065243_0_8529565243389929728.csv,Thing,true
74207889_51_3625828249613584310.csv,Thing,true
82117505_2_2278975068503791349.csv,Thing,true
95273593_0_6111612762537518677.csv,Thing,true
31552687_0_3065511486927360820.csv,Country,true
29246469_1_8730528225992017056.csv,Language,true
54354044_99_1452329054207560798.csv,Thing,true
57806708_0_4782539142314908882.csv,Thing,true
17457103_0_5697625165969806538.csv,Airline,true
66464821_21_769930193758503295.csv,Thing,true
37523732_0_1982592810622787601.csv,Airport,true
25683782_0_6170606456507734186.csv,Thing,true
44895928_0_5308296596432936088.csv,Website,true
90855530_2_131249437976637546.csv,Thing,true
33242247_1_7232384061498591611.csv,PoliticalParty,true
63626642_0_5116056723190782463.csv,Thing,true
10151359_0_8168779773862259178.csv,Book,true
14371564_0_7072067535487685884.csv,Thing,true
95942871_9_1442908185816138298.csv,Thing,true
58977249_0_1109848886155853878.csv,SportFacility,true
33985546_0_3121845906724822114.csv,Company,true
88664813_0_2642293452284528489.csv,Thing,true
27860381_0_2772890205775401656.csv,Thing,true
28856708_0_1899933704049400626.csv,Country,true
3142849_0_7179764236486116991.csv,Thing,true
22358454_1_3848574233688785649.csv,University,true
4558800_0_5598080933894411986.csv,EurovisionSongContestEntry,true
93970356_0_8661961460469180779.csv,Thing,true
36384347_0_2862945493625567308.csv,School,true
51755646_0_3241373327891698810.csv,Thing,true
16058333_0_5687159958350579570.csv,Bird,true
1138695_0_4507187151473953210.csv,Thing,true
8773036_3_8372872839959891408.csv,Monarch,true
21817610_0_6487652856310583754.csv,Software,true
23528054_6_8597316897643476734.csv,Thing,true
50210219_0_8898545567272822020.csv,Thing,true
45935450_0_3397553398890221848.csv,Thing,true
1855026_0_2649294815821763297.csv,Country,true
77457345_0_1060203785281386364.csv,Country,true
29390317_0_7119416740987313617.csv,University,true
81595602_0_7077962990487220424.csv,VideoGame,true
72820323_0_5725039866199467623.csv,Thing,true
88167632_0_8265990161145001318.csv,Thing,true
79001308_0_8379672693774869684.csv,Thing,true
37387615_0_3960110523737702085.csv,Thing,true
80655999_0_6492267984831800466.csv,Thing,true
56957264_0_5995952328182488344.csv,Thing,true
10671448_2_5536201888531631215.csv,Broadcaster,true
21328001_70_8181715373229683658.csv,Thing,true
45736657_10_9012093897150615203.csv,Thing,true
75882673_0_8081142093265546796.csv,Country,true
36889791_0_8639133017020193176.csv,Thing,true
26152062_0_675541188115340566.csv,Thing,true
52680563_0_6280600722685087018.csv,Thing,true
71375784_0_9087567527682243471.csv,Company,true
25515832_0_355068903056364858.csv,Thing,true
27080020_0_5941662047388785649.csv,Thing,true
36039980_4_4283009829602711082.csv,Mountain,true
68850572_0_1656050726368899590.csv,Thing,true
41326315_0_3252402061432270953.csv,Thing,true
40225507_0_4879354290095678232.csv,Thing,true
36336126_1_3780582545821259238.csv,BasketballTeam,true
50051800_1_7014125496410717251.csv,Thing,true
69635781_0_5000183208256301209.csv,University,true
43896810_0_2512702715361295682.csv,Thing,true
77281650_0_8585097775884803036.csv,Bird,true
1375361_2_3482684768420568287.csv,Drug,true
62576851_2_5159166631260669909.csv,Thing,true
34045478_0_6424257706638980217.csv,Company,true
60646164_0_7086729388967946050.csv,Country,true
47687993_1_2128651732460781549.csv,Company,true
139979_0_3128123352629488215.csv,Thing,true
81340305_3_5150248851807981337.csv,Thing,true
36427332_0_5069069681421746694.csv,Country,true
28879187_0_6363053162475451186.csv,Thing,true
54017313_0_3756701416801068549.csv,Country,true
77204435_0_5486790517065837847.csv,Thing,true
55628912_0_4892150618816393910.csv,Thing,true
87164899_0_4640733786246362698.csv,Country,true
9206866_1_8114610355671172497.csv,Country,true
66964601_8_89554358176613949.csv,Thing,true
38049844_0_6092664973543924391.csv,Thing,true
20596330_0_806440863640902215.csv,Thing,true
29187807_6_7732057143810961558.csv,Country,true
79145554_1_8756673706870266060.csv,Thing,true
23362259_0_6423595299295342642.csv,Thing,true
54112392_0_160015365721559357.csv,Lake,true
52660391_0_2674957888249412549.csv,Country,true
28036255_0_5705563063166785494.csv,Mountain,true
56834172_0_5710924050177414995.csv,Company,true
61069974_0_1894536874590565102.csv,Country,true
44293212_0_6359078604709090797.csv,Thing,true
33542937_118_3480651878314097427.csv,Thing,true
25933880_0_4058554985574416690.csv,Wrestler,true
58511892_0_8602750237359002763.csv,Thing,true
23806649_0_1896909267378774466.csv,Bird,true
51130304_0_3035822254995425429.csv,Monarch,true
55616999_0_3327725698570325419.csv,Thing,true
95785170_5_596861133444548447.csv,Thing,true
69215547_0_2410132625527178485.csv,Bird,true
2396637_3_7548838044524048326.csv,Thing,true
25256280_0_3777936437828877497.csv,Mountain,true
73812603_0_6064818614632004935.csv,Thing,true
85101419_0_1665188004988185068.csv,Thing,true
47131664_0_3715609868541003142.csv,Thing,true
54802079_0_6709615660980454909.csv,Plant,true
63502595_0_5000040078649843088.csv,Thing,true
2629891_3_8342749419866982161.csv,Thing,true
39173938_0_7916056990138658530.csv,Film,true
72294938_0_4892470736727523720.csv,Thing,true
97115612_0_4197797323434388269.csv,Thing,true
59421882_0_3387840925737662353.csv,Country,true
79058714_0_9111059240060469828.csv,TelevisionStation,true
51401669_0_4522179123009571818.csv,Thing,true
51323799_0_8741726773904427230.csv,Thing,true
32634945_0_238984269169901464.csv,Dog,true
70883081_0_5357790421435123524.csv,PoliticalParty,true
34754294_0_5531742856544282465.csv,Thing,true
88210301_0_7622319921998171452.csv,Thing,true
92340801_0_1471646764769130123.csv,Thing,true
30808326_0_723244698277787800.csv,Thing,true
67711345_1_5747553575241702822.csv,Thing,true
8347208_0_9132968673530492358.csv,Plant,true
37933521_0_6727449830800877555.csv,Currency,true
74491133_0_7177831100884797849.csv,Country,true
22052232_0_9137613937468456664.csv,Plant,true
20964053_0_3957335528383551719.csv,Airport,true
46837886_4_1993214245725091948.csv,VolleyballPlayer,true
96068725_0_610234897325770080.csv,Country,true
66329615_0_3585856495110277641.csv,VideoGame,true
79607822_0_4328653615730111909.csv,Company,true
6294399_0_1330875235984650105.csv,Thing,true
4204943_0_7870971160495204741.csv,Animal,true
23254343_6_2668761267278059108.csv,Country,true
13454929_3_3427692318161869481.csv,Thing,true
8403248_0_5597742444935895055.csv,Monarch,true
90872762_0_6593129930785652491.csv,Country,true
7588038_0_868330296696732496.csv,Thing,true
65553232_0_2758698402029296524.csv,Thing,true
74650209_0_7537562371765059762.csv,Thing,true
15805677_0_5268816904235396199.csv,Thing,true
64092785_0_4696367782987533337.csv,Company,true
72709069_0_6026473306423584081.csv,Thing,true
57790315_0_2715326399585929245.csv,Company,true
63389809_0_8179819543692215824.csv,Company,true
53455764_0_4215166203428068646.csv,Thing,true
94394526_0_4696953943024976726.csv,Thing,true
46640397_0_2344499187957320193.csv,Thing,true
16191161_0_7258680830509381288.csv,Bird,true
53965226_1_4800340277857273285.csv,Thing,true
56086539_0_102830223899260121.csv,Thing,true
38066895_0_1782938555442038836.csv,Person,true
13594520_0_115202711765783273.csv,Thing,true
3585099_0_2782624390040186338.csv,Thing,true
21861216_0_6222040480577200769.csv,Thing,true
14007582_0_4628453535445348621.csv,Thing,true
24003697_0_8569423605161973748.csv,Bird,true
77966206_0_1195253555271872782.csv,Thing,true
34376307_0_5440828156797177892.csv,Thing,true
57128500_0_7456845944994373500.csv,Country,true
45530643_2_5128915617716394843.csv,Book,true
68779923_5_2067037721454758189.csv,Country,true
12523800_2_7723550900071057070.csv,Thing,true
14653690_0_282171658256508689.csv,PublicService,true
48086771_6_7784317645417045317.csv,Country,true
26796763_0_4259554776624631288.csv,Thing,true
28742041_0_7128759839591956529.csv,Website,true
9289875_0_4356417112166012371.csv,Thing,true
69080079_0_7129721018149458178.csv,Thing,true
29857217_0_961038783966485949.csv,Newspaper,true
49212761_0_5458941299740120808.csv,Thing,true
37774264_0_4907074222220944697.csv,Thing,true
66009064_0_9148652238372261251.csv,BaseballPlayer,true
94981869_0_7847543897855234904.csv,FormulaOneRacer,true
43729470_1_5047305886112599189.csv,Country,true
29414811_6_8221428333921653560.csv,VideoGame,true
14025494_2_3475632503054569331.csv,Thing,true
50246043_0_7259493986424951702.csv,University,true
60319454_0_3938426910282115527.csv,Animal,true
48434781_1_751387943323553385.csv,Thing,true
97871282_0_533855351237678151.csv,Thing,true
15315154_0_3479765624289936080.csv,Company,true
99070098_0_2074872741302696997.csv,Mountain,true
48717005_0_7017678745433430852.csv,Thing,true
44385268_0_2241313434645378258.csv,Work,true
23216494_0_6030901565640335038.csv,Thing,true
21716197_0_8604277995161381914.csv,Thing,true
21245481_0_8730460088443117515.csv,Lake,true
18422942_0_3659164506677528063.csv,Work,true
22400235_0_2292155101117065908.csv,Thing,true
22911949_0_6466451428424988557.csv,Thing,true
75143423_0_7349921011387003121.csv,Thing,true
14127127_6_2316236234992894623.csv,Thing,true
67473681_1_1553033887623724561.csv,Thing,true
71222357_0_4978199639991926499.csv,Thing,true
712365_3_773369972631584728.csv,Thing,true
49582134_4_386588695062120665.csv,Thing,true
13357355_0_5384862281417742530.csv,FictionalCharacter,true
6948652_0_6838723208978879213.csv,Thing,true
36257108_0_7240570829539406490.csv,Thing,true
14965544_0_1929902158197781558.csv,Thing,true
49777313_0_8589406213484712417.csv,Country,true
20524812_0_6310774068581901286.csv,ShoppingMall,true
7509226_0_1789938079531021358.csv,Thing,true
99022135_0_7554945610165642414.csv,Thing,true
3917335_0_7791699395300625164.csv,Country,true
99687188_0_1844204354931842929.csv,Thing,true
49922931_0_5924488361358628645.csv,Thing,true
67921076_2_4480980611468384854.csv,Thing,true
79354979_21_607487433845197843.csv,Thing,true
7750134_0_205896052236342185.csv,Thing,true
40623493_0_6956484430448544525.csv,Country,true
2493685_2_9217875341098336799.csv,Thing,true
80827625_1_2684166893330372167.csv,Thing,true
18083306_0_8789601559690019407.csv,Thing,true
13948048_0_1872981699237768161.csv,Thing,true
50150079_0_1209985375645286995.csv,Currency,true
28079336_1_3124145965038277571.csv,Company,true
4296522_0_3279015858728301949.csv,Thing,true
18335243_0_8881690283282252751.csv,Company,true
26241842_0_3347879405566592562.csv,Thing,true
42208433_0_3684136807468226333.csv,Thing,true
88097235_0_8896433470162608713.csv,Thing,true
33344442_0_871018354923952731.csv,Country,true
16949304_0_2573050770332101882.csv,Hospital,true
77721177_14_8054963527641740256.csv,Thing,true
76409500_0_7286308079632259972.csv,University,true
93288060_1_436388230507704265.csv,ArchitecturalStructure,true
76463338_0_3174844520526644313.csv,Thing,true
13552871_0_3094192383546450412.csv,Thing,true
56224555_0_3713922722778385817.csv,Company,true
94940168_1_1761074573366071335.csv,Thing,true
75165713_1_8877144812391584402.csv,Thing,true
78616821_0_2458612333287914096.csv,MusicalWork,true
33957212_0_9197302490767822320.csv,Thing,true
959479_0_7525293300432078062.csv,Thing,true
20986241_29_1820142626567749027.csv,Thing,true
42674644_0_2292285533455902746.csv,Thing,true
91959037_0_7907661684242014480.csv,VideoGame,true
21362676_0_6854186738074119688.csv,Film,true
15495474_0_7078896878676844576.csv,Thing,true
85429981_1_4470353330382197652.csv,Thing,true
19426224_0_7375372951718894967.csv,Athlete,true
43913011_1_2862529798365209414.csv,Thing,true
66461875_0_2304260891646278760.csv,Thing,true
13943628_0_4792393506188599403.csv,Film,true
26894256_1_6425495804540595245.csv,Thing,true
38363138_2_8981707723101632092.csv,Thing,true
64823692_1_4940594783151385758.csv,Thing,true
57838868_0_1615533258691364212.csv,Thing,true
40249482_0_2441132241628525183.csv,Thing,true
20677031_1_5176394656603375334.csv,Thing,true
17134506_0_8300000945713288548.csv,Thing,true
18979064_0_2886467516757653420.csv,Bird,true
26822293_0_6607762766217039272.csv,Thing,true
53504073_0_2502890650994002389.csv,Thing,true
44206774_0_3810538885942465703.csv,GolfPlayer,true
93541760_6_4293952209940084127.csv,Thing,true
89511064_0_2199624509082573904.csv,Country,true
16276214_0_8200189814034111177.csv,EducationalInstitution,true
22863425_0_1060116388760534515.csv,Thing,true
86747932_0_7532457067740920052.csv,Airline,true
64467613_0_3650836643431108072.csv,Thing,true
33127758_0_607484703577728137.csv,Magazine,true
36817632_1_4370550587646033065.csv,Thing,true
29211528_0_1792943520277247013.csv,Beer,true
41194422_1_1172256090552737974.csv,Country,true
69381058_0_984708047398578866.csv,Mountain,true
80084514_0_9114495336693212442.csv,SoccerPlayer,true
14894087_0_3832910567026723038.csv,Thing,true
48944826_0_2321751364268052533.csv,VideoGame,true
93702496_0_39013305210829591.csv,Company,true
61054043_1_106145480079642871.csv,Thing,true
61922384_1_3749335427691134896.csv,Thing,true
34590313_0_1819259427414504804.csv,Thing,true
40387275_6_7793652942844303566.csv,Country,true
15139703_0_6229416506565829984.csv,Animal,true
84038373_0_8040918427400930330.csv,Thing,true
32460905_0_5195150472060854231.csv,Hospital,true
86405713_0_6501453810427699030.csv,Thing,true
48456557_0_3760853481322708783.csv,Animal,true
63764999_0_669667965550040998.csv,Thing,true
97019906_0_8714932877189166407.csv,Thing,true
12271141_0_213693783755148562.csv,Company,true
509101_0_3969926700389801582.csv,Thing,true
13454929_15_1273971265318299763.csv,Thing,true
32943564_0_7900791989967312192.csv,Thing,true
26728607_0_3941350047738669423.csv,Thing,true
64577875_0_6185031398521107583.csv,Thing,true
11688006_0_8123036130090004213.csv,Country,true
14740413_1_1179418066189221453.csv,Thing,true
27243333_0_3940600124790414209.csv,Thing,true
9497003_0_3411084013617942603.csv,Thing,true
61138813_2_2996209891487350844.csv,Thing,true
14555698_0_5839471950536358039.csv,Thing,true
39742782_2_4947645167894471304.csv,Thing,true
52572391_0_8684896999787304275.csv,Company,true
68779923_4_1832350971585698643.csv,Country,true
10937282_0_8167677210173294859.csv,MusicalWork,true
99491855_0_4643985914473205859.csv,Thing,true
69954408_0_713623261917118617.csv,Hospital,true
66292152_0_5987970185107365080.csv,Thing,true
97002157_37_8804882108100022822.csv,Person,true
83626253_0_1722513863780895644.csv,Thing,true
9475172_1_1023126399856690702.csv,TelevisionShow,true
76329923_28_4326461116532325610.csv,Thing,true
90196673_0_5458330029110291950.csv,Animal,true
11635883_32_89080765242877605.csv,Thing,true
67553951_0_4077621944520716551.csv,Country,true
35569820_0_1769919387414209766.csv,Thing,true
19481535_0_4066236207862135979.csv,Thing,true
55491474_0_8867934015001930906.csv,Thing,true
21801207_0_8144839668470123042.csv,VideoGame,true
55200458_0_5134953044545143893.csv,Thing,true
26504355_0_481459312899964070.csv,Thing,true
13437973_0_5297021911125337640.csv,Company,true
27466715_0_3913547177671701530.csv,VideoGame,true
25373708_0_87862299715169195.csv,Country,true
25584563_0_7261221905072002362.csv,Bird,true
53044288_0_9039456902637454743.csv,Thing,true
95064553_0_174736325349954177.csv,Country,true
69496573_0_5655797430227691002.csv,Thing,true
43143339_1_6533807084029819964.csv,Thing,true
59348776_2_8539615728722401175.csv,Thing,true
26270372_1_3774607938887520564.csv,Monarch,true
59480147_0_5932941413717719144.csv,EducationalInstitution,true
59253983_0_4826347388661803581.csv,Thing,true
73405624_0_5164687422121926441.csv,Thing,true
5154070_3_8525171764644346461.csv,Thing,true
30194657_0_5591633056005596100.csv,Thing,true
24802185_0_5843407684327213867.csv,Thing,true
81151251_0_642671654716045216.csv,Thing,true
30965004_6_4856622180559928314.csv,Country,true
88747816_0_8975964905937508920.csv,Thing,true
29708223_0_1475585907603822717.csv,Thing,true
74788162_0_8974169396638484975.csv,Thing,true
11069328_0_589256019576578201.csv,Thing,true
37679663_0_4013837538739019087.csv,Thing,true
91474256_0_964747655387573523.csv,City,true
70360257_28_4842732988928646605.csv,Place,true
989567_3_891444213692329219.csv,Thing,true
58255527_0_2961469008089172433.csv,Book,true
42660088_0_3948662081285031080.csv,Song,true
42214081_0_2116970717535363190.csv,Thing,true
13561753_0_607267138925868026.csv,MusicalWork,true
49300318_0_487577325811451303.csv,Thing,true
33542937_130_4316292444360237336.csv,Thing,true
2493685_3_2754716050951914988.csv,Thing,true
35417397_0_968876705875634222.csv,Church,true
52572391_0_7094721874885552733.csv,Company,true
69040932_0_8207211438395107001.csv,Thing,true
6094085_0_1048300580370227122.csv,Restaurant,true
14690789_0_4123368727428089422.csv,Thing,true
89207766_0_5791778341368920654.csv,Thing,true
42325948_1_3467902826269727097.csv,Thing,true
62003444_21_8860882014015976871.csv,Thing,true
8539374_0_7877246761503038091.csv,Film,true
73235714_0_8084490602540041372.csv,Airport,true
48604422_0_8533547982957191390.csv,Thing,true
60368626_0_1979252972992057221.csv,Thing,true
22259640_0_4674992003347925276.csv,Thing,true
88353875_0_4876234304797064286.csv,Mountain,true
49432419_176_6645494525224693823.csv,Thing,true
16505185_0_81765887821632304.csv,Thing,true
80467247_0_1848557299551372303.csv,Thing,true
52340077_0_7623033473986759010.csv,Country,true
86404401_0_2733811172126314143.csv,Thing,true
47484702_1_3760966979879313079.csv,Thing,true
32645635_6_5012112380716631606.csv,Country,true
78650283_0_5937576517849452289.csv,Country,true
50640702_2_5515354138516984173.csv,Thing,true
98289907_4_5933649510089300006.csv,Book,true
50270082_0_444360818941411589.csv,BaseballPlayer,true
33542937_76_5148279920345351385.csv,Thing,true
44332866_0_693464373199596512.csv,Thing,true
39965290_0_9052816602397902727.csv,Thing,true
26456957_1_5832870075173199979.csv,Drug,true
73669801_0_9093021628798522810.csv,Thing,true
88523363_0_8180214313099580515.csv,Plant,true
49927018_0_1687167557830128662.csv,Thing,true
55425165_0_40334570630691989.csv,Thing,true
42948573_1_3377027333701771374.csv,Thing,true
69881946_0_1105130426898457358.csv,Film,true
33542937_104_8065578854722628901.csv,Thing,true
51102102_2_214598446729546814.csv,Thing,true
61621518_0_9194179698529172702.csv,School,true
6722143_0_1345476711617569716.csv,Thing,true
14424211_0_7073926184260401577.csv,Thing,true
26829588_0_887608310333556180.csv,Thing,true
3961231_0_3105735359303255825.csv,Thing,true
9481772_0_8978909624688207689.csv,AdultActor,true
6571612_0_4983218044919858440.csv,Company,true
98014415_1_6448160128690045446.csv,Thing,true
27866405_0_2396604304837198384.csv,Work,true
7528531_0_5040719304582663442.csv,Thing,true
92759613_0_8832617216373443828.csv,ChessPlayer,true
62661549_1_4033826755481163536.csv,Country,true
88481863_0_6391078045627451896.csv,University,true
2297876_2_6966366172015676804.csv,Drug,true
2667189_0_3973260079562286516.csv,Thing,true
85136091_0_2880233526824202658.csv,Thing,true
53822652_0_5767892317858575530.csv,Film,true
86327266_0_6557745357715678345.csv,Country,true
13376332_0_8145197110601273723.csv,Currency,true
9267747_0_6273267127176295991.csv,Thing,true
64022052_0_5468367579767231475.csv,Thing,true
14830204_2_1016218006720318471.csv,Thing,true
96814359_6_7237138193268234564.csv,Country,true
83540521_5_7113111106454911412.csv,Thing,true
74207889_198_2058899471832647281.csv,Thing,true
83484168_0_1803291375936617541.csv,Thing,true
67695851_0_400134715929132207.csv,Thing,true
7743101_1_5550435764394268813.csv,Thing,true
78198348_0_4585317228922273727.csv,Company,true
23823746_1_5921191076324323720.csv,Thing,true
24940385_6_4722901801779154709.csv,Thing,true
78523811_0_6176321811415968276.csv,Thing,true
11249915_6_9132896720542462617.csv,Country,true
18002065_0_4506192379328497724.csv,Thing,true
7676830_0_8056365332800040030.csv,Company,true
62556003_0_1522938138451838671.csv,Mountain,true
28416789_13_4178927025704720090.csv,Thing,true
55004961_0_2904467548072189860.csv,Country,true
32994131_0_7968254360520075085.csv,Thing,true
45530643_0_5502803452312603316.csv,Thing,true
8530966_37_9037222358670420966.csv,Thing,true
86209729_0_4134852374882459336.csv,Thing,true
12142517_0_5799365728317143843.csv,Thing,true
19498680_0_7005162047170805638.csv,Thing,true
48891347_0_2002008007976696188.csv,Country,true
99136786_0_5269642709752720542.csv,Thing,true
63198107_0_5688435789215389159.csv,MusicalWork,true
61373349_0_4865186789551765185.csv,Bird,true
35884932_0_7327034580321429902.csv,Animal,true
88585362_0_5299319998746752335.csv,Thing,true
26214275_0_8860883344166991261.csv,Thing,true
97075338_0_3488016638745103298.csv,Thing,true
70559134_0_4529539440059462499.csv,Thing,true
89568803_0_6752737935917626750.csv,Thing,true
98595608_0_3200002319618897063.csv,Thing,true
36028205_0_1285656303417204197.csv,Thing,true
77014996_4_6665563923548379555.csv,Thing,true
84262517_0_5577598156825255305.csv,Person,true
82245285_0_3018594827292240169.csv,Thing,true
38146710_0_3777366193503047044.csv,TelevisionStation,true
83023739_0_1101737513895444218.csv,Bird,true
21077089_0_8697895616848048471.csv,Thing,true
21585935_0_294037497010176843.csv,Airport,true
48154773_0_1741008117333884210.csv,Thing,true
25918416_0_4266327346061277485.csv,Thing,true
36690981_0_5662672989654961336.csv,MeanOfTransportation,true
10579449_0_1681126353774891032.csv,Newspaper,true
1146722_1_7558140036342906956.csv,Mountain,true
25436701_5_4205746903853265908.csv,Thing,true
52240404_0_2014948340038394270.csv,Company,true
52512312_5_3670174516646799496.csv,Thing,true
68779923_1_3240042497463101224.csv,Country,true
54491802_0_7702999162298447968.csv,Thing,true
18079781_0_3055274247147518144.csv,Thing,true
72942843_2_3659270222297062461.csv,Thing,true
45322313_4_2557737487200701000.csv,Company,true
82429645_0_1855458897309148052.csv,Thing,true
19172543_0_2469672734076921182.csv,Company,true
53248941_0_1313504066207801010.csv,Thing,true
73152706_0_685847416556934033.csv,Bird,true
92125277_1_6347326681377078368.csv,Animal,true
79045893_0_4333057889045699781.csv,Thing,true
76405201_1_2993239352358552738.csv,Thing,true
82436089_0_2454691925060887717.csv,Thing,true
80184932_0_4240003884724905487.csv,Company,true
25391801_0_2035108354059593135.csv,Thing,true
209923_0_6623557055855397144.csv,Thing,true
15289193_0_5679227500651201579.csv,Name,true
54271489_0_8270829268499924525.csv,Monarch,true
24882172_0_5589018569583619075.csv,Work,true
72504484_47_8157920943609679586.csv,Thing,true
75153404_0_833263096468939155.csv,Thing,true
52632467_0_6903483514362550292.csv,Thing,true
80255499_63_9187261814401270662.csv,Thing,true
47112694_2_551681431764606717.csv,Country,true
88877973_0_1837788620763187478.csv,Software,true
85627640_0_8469871215145474481.csv,Thing,true
37550492_0_8832508203765065016.csv,Country,true
90325533_0_6668263142989366843.csv,Hospital,true
49736959_0_3839813895592009061.csv,Thing,true
55350417_0_4951377660010052871.csv,Thing,true
72320348_0_4171506445443256707.csv,Thing,true
9720141_0_4179813072171750238.csv,Company,true
64830613_0_2652934359857485234.csv,Currency,true
40242083_2_801454110220930701.csv,Thing,true
36763613_0_6418141463339739038.csv,Thing,true
98929678_0_3700213490979945526.csv,Lake,true
3000769_0_8304253366323269032.csv,Thing,true
1914595_0_4764533354992109070.csv,Thing,true
29021592_3_2299138476894681059.csv,Monarch,true
75367212_2_2745466355267233390.csv,VideoGame,true
22987653_0_7774852112768859306.csv,Scientist,true
76836443_2_249332777049648171.csv,Scientist,true
20986241_112_451353705293204509.csv,Thing,true
25521379_0_7088652635139345738.csv,Thing,true
57976671_0_3039578093965294161.csv,Thing,true
3471003_0_5153538774121509372.csv,Company,true
72017594_0_7055198579167316152.csv,Museum,true
83991980_5_7541519111400907111.csv,Thing,true
90790329_0_4093280808311502549.csv,Thing,true
15681179_0_4372421798123322859.csv,Company,true
4429085_0_7941526814649326206.csv,Country,true
15385310_0_2154951041367928046.csv,Thing,true
57558252_0_3344348959358764364.csv,Airport,true
36487163_0_1190561814840095607.csv,Sales,true
71207974_0_6588891364407261591.csv,Thing,true
53264869_1_530811839053269226.csv,Software,true
61371918_130_2483839210802062027.csv,Thing,true
80502612_0_4340447180443104505.csv,Thing,true
57418878_0_6266380290561701408.csv,Thing,true
30645756_0_2413317245475669227.csv,PoliticalParty,true
38206683_0_2432826420242416503.csv,Thing,true
96977373_0_873743984486449211.csv,Thing,true
61371918_137_4508398029601236682.csv,Thing,true
24673069_0_936003968362208027.csv,Thing,true
37822551_0_5505595561108184715.csv,Plant,true
55027702_0_628532586316851176.csv,Lake,true
61753761_9_4735181228515289890.csv,Museum,true
83582294_0_5175413672096735796.csv,Thing,true
31185581_0_94615838359481029.csv,Company,true
79730374_2_6466796420533616251.csv,Country,true
78712645_0_1649752810684672005.csv,Thing,true
36102169_0_7739454799295072814.csv,VideoGame,true
86340530_0_3832762433010567200.csv,Country,true
3744682_0_5652166670056439727.csv,Thing,true
41573270_0_2228534840773614840.csv,Thing,true
68233553_0_1230099964048398778.csv,Thing,true
4241465_0_757011093383520813.csv,Mountain,true
70981398_6_1838189760410366626.csv,Thing,true
35369896_0_105917449785937920.csv,Thing,true
47352105_0_8032122556112377444.csv,Thing,true
38561812_0_7053034563850070175.csv,Thing,true
18033594_25_3431882645375071719.csv,Thing,true
73128332_0_3363347224179898954.csv,Thing,true
69500941_0_5201431306447127476.csv,Thing,true
13904968_0_3233456017136939968.csv,Thing,true
80728805_0_3300663147214297780.csv,Thing,true
47337086_0_917837927817033633.csv,Country,true
86807187_0_6364218993958864777.csv,Thing,true
9447212_0_5075453375189362659.csv,Website,true
33363588_0_8531598576383822724.csv,Thing,true
4118371_0_7941682021632571250.csv,Company,true
46671561_0_6122315295162029872.csv,VideoGame,true
90908190_1_67786021582954923.csv,Thing,true
43237185_1_3636357855502246981.csv,Scientist,true
5260056_3_2512989098409544275.csv,Thing,true
10133296_0_1835025541686843841.csv,Company,true
61626303_0_266372209664087642.csv,RadioStation,true
18881233_4_9028781308549456858.csv,Thing,true
9637179_1_6299168296557104379.csv,Thing,true
75643183_0_8113177599207978300.csv,Thing,true
97158951_0_4070423949815180660.csv,Thing,true
44401792_3_1434166924638912676.csv,Thing,true
20674610_0_6318337052009692161.csv,Thing,true
51596746_1_694535610771387180.csv,Country,true
26794512_0_6754161225063848351.csv,Thing,true
2785113_0_956031189136675741.csv,Company,true
30839808_0_5695617323701684656.csv,Thing,true
52670672_0_1518692127454246954.csv,Country,true
52223460_0_8323253457119688514.csv,Thing,true
47164105_0_6708544604226499617.csv,Thing,true
14143419_0_8221875916656903758.csv,Thing,true
80745449_0_2736522671961955436.csv,Thing,true
30166286_0_1837439231599898748.csv,Scientist,true
29886325_0_1448173912684571475.csv,City,true
19073331_0_2742992342272078110.csv,PoliticalParty,true
84596242_0_4318938657926864598.csv,Hotel,true
39739978_0_1457146255961077158.csv,Thing,true
49134611_4_1501375860067012530.csv,Thing,true
95246824_0_930613540916989994.csv,Thing,true
62628445_0_4345928200737704090.csv,Thing,true
44796471_0_1446886787377516980.csv,Film,true
52240404_12_9204600607753707104.csv,Company,true
24613352_0_3437483841867438799.csv,Person,true
7535538_0_6038517566893245428.csv,Pornstar,true
322056_42_1561444180760101493.csv,Thing,true
13395751_3_369722706637560735.csv,Lake,true
73948496_0_2311766274300445353.csv,BaseballPlayer,true
49029311_0_6809593354000717460.csv,Thing,true
45688924_1_4137965046583557916.csv,AdultActor,true
90196941_0_7105715730114316680.csv,Thing,true
37810368_0_6332396424591583441.csv,Religious,true
44953596_6_147441732122770461.csv,Thing,true
45533669_1_7463037039059239824.csv,RadioStation,true
7548515_0_8047252373368666726.csv,Company,true
80588006_0_6965325215443683359.csv,Newspaper,true
28984879_0_1168600932590228694.csv,Thing,true
90360531_1_6689072431452014393.csv,Thing,true
82207420_0_5460194503407338141.csv,Language,true
13023426_0_9213573566441731981.csv,Thing,true
45227492_1_8668970251627731647.csv,Thing,true
52299421_0_4473286348258170200.csv,Country,true
43913011_0_7679437845454824868.csv,Website,true
20333411_4_7672560822234119615.csv,Thing,true
2763358_3_6549185676043419575.csv,Thing,true
16933564_0_1260985384694889937.csv,Thing,true
11766308_0_1181098772911869047.csv,Thing,true
37945519_0_1651121244316333332.csv,Company,true
90416049_0_1044745740851571404.csv,Thing,true
14971384_0_7310842370817964386.csv,Thing,true
19969691_0_4427996660187739132.csv,Project,true
47040737_14_8556297209383641600.csv,Thing,true
71677274_3_6407813399767860935.csv,Thing,true
32201321_0_8090367105250356161.csv,Thing,true
8922349_1_8477236373970981294.csv,Thing,true
47454446_0_1238914883279766480.csv,Country,true
34932842_0_5042843603645843667.csv,Plant,true
80761092_0_4555200563767448788.csv,Thing,true
2849108_0_5238405355789704342.csv,City,true
2175467_3_4718255240504918988.csv,Thing,true
59473781_0_6535358626289251372.csv,Thing,true
5972322_0_3150366936082777235.csv,PoliticalParty,true
92709164_0_3179370335098123638.csv,Thing,true
11249915_6_9093194031474541036.csv,Country,true
32904517_0_5441673107137429866.csv,Thing,true
59964940_0_7317809937814546448.csv,Thing,true
76431189_9_8247267217236095245.csv,Thing,true
39250380_0_7709551743073978946.csv,Company,true
16560650_3_8833408968546905437.csv,Thing,true
49552924_1_8489556855218379735.csv,Thing,true
53142239_1_4578105104783075601.csv,Company,true
66618030_0_2488625616429794023.csv,Thing,true
80238008_1_1940599846488250113.csv,Thing,true
28086084_0_3127660530989916727.csv,Saint,true
7924327_1_1421126032253629219.csv,Thing,true
36117509_3_8461928872768877119.csv,Thing,true
136145_0_3238990842126513524.csv,Thing,true
62314702_0_5270085436746117315.csv,Country,true
66294693_0_7593540707949988880.csv,Thing,true
47108311_9_2316363589294152513.csv,Thing,true
51107023_0_1273089064311319083.csv,Country,true
21806167_0_7056440873615830581.csv,Thing,true
47132741_1_2666414192430186448.csv,Thing,true
58891288_0_1117541047012405958.csv,Film,true
68104047_0_8640659000585248025.csv,Thing,true
71029947_0_6559994380677646638.csv,Thing,true
65961730_0_134446716199085965.csv,Country,true
78891639_0_3299957631631122948.csv,City,true
49157785_0_8260751970530612715.csv,Thing,true
6698373_0_7813229348012933919.csv,Plant,true
48090460_0_5478100322672929053.csv,Thing,true
76572868_1_340216996696865826.csv,Song,true
24036779_0_5608105867560183058.csv,Country,true
573643_0_8503363334557514537.csv,Thing,true
42764224_0_515744189130384109.csv,PoliticalParty,true
24318057_0_506797575999323351.csv,Country,true
51467793_0_3799394109131212638.csv,Bird,true
24508072_0_4717362722358864227.csv,Thing,true
17375718_0_5955339902226830035.csv,Thing,true
69537082_0_7789694313271016902.csv,Country,true
24006562_0_3177461266771794284.csv,Country,true
49688745_0_5865173677570896512.csv,TelevisionStation,true
80885013_0_409219691669125095.csv,TelevisionStation,true
46890270_9_3293097141869094093.csv,Software,true
2482838_3_7019945817423117641.csv,Country,true
54164259_0_9138657615835197853.csv,Thing,true
49514612_0_3018439649942526297.csv,Company,true
73242003_5_4847571983313033360.csv,VideoGame,true
32010885_0_2937617917395771693.csv,Thing,true
53657269_1_5161231250741028950.csv,Drug,true
62662505_0_866780568064211104.csv,Thing,true
13480532_0_6327960269747694783.csv,Film,true
42505151_3_4674148550236703826.csv,Thing,true
75519570_0_592005298605244805.csv,Film,true
17916747_0_1623949226125683486.csv,Thing,true
76168674_0_6204946005110663651.csv,MusicalWork,true
84575189_0_6365692015941409487.csv,AcademicJournal,true
14854950_0_7369669871837809428.csv,BodyOfWater,true
45622731_0_7984999758514605203.csv,Thing,true
75902752_0_8607214814445385098.csv,Thing,true
46646666_0_5802598112171303204.csv,RadioStation,true
67336061_0_7451844287851334655.csv,Thing,true
13168879_2_7826815341558326107.csv,Thing,true
27944275_0_3595539032297876616.csv,Country,true
55802090_0_6460481917415580283.csv,Thing,true
55834572_0_8268386959830952405.csv,Thing,true
58456681_0_4735942546439050441.csv,Thing,true
66534416_0_7184492864434331906.csv,Thing,true
62003444_33_1288532209491867207.csv,Thing,true
12187596_5_2670947630490462207.csv,Thing,true
73810207_0_5596042694090771467.csv,Thing,true
82806029_0_754412734048970289.csv,Thing,true
37908280_0_7705474723269010154.csv,Plant,true
77645700_8_4795380875635002066.csv,Thing,true
42509511_30_7149499636014883057.csv,Thing,true
41979484_0_7163008898494956882.csv,Thing,true
3389822_6_374624044314151266.csv,Mountain,true
28669943_0_146230727530975619.csv,Country,true
20386514_7_509458313105541838.csv,Thing,true
38921467_0_6998339193933465347.csv,Thing,true
5125681_6_5647583576580317440.csv,Country,true
99084079_0_453254494898256409.csv,Currency,true
75626528_1_5169917623225876694.csv,Thing,true
8162272_0_3499404427213387973.csv,Thing,true
21873113_0_3191510498077749700.csv,Thing,true
56277342_1_3604102677010506808.csv,Thing,true
6008357_0_2396357747642346383.csv,Company,true
68474274_0_8574588500532383533.csv,Thing,true
55785349_2_6073688283175913589.csv,City,true
11599512_1_280388135214354946.csv,Country,true
41295881_0_3284517833805218305.csv,Thing,true
53441401_0_5820723041518661695.csv,Bird,true
28993628_1_6072768612274729703.csv,Mountain,true
36375243_0_8855808569077022873.csv,Thing,true
49027162_94_6745389249483165808.csv,Thing,true
70194376_1_4723778697949764820.csv,Thing,true
22682943_0_9166505135418836721.csv,Thing,true
15235991_0_2205645040450936628.csv,Thing,true
16509539_1_7660325791170281336.csv,Country,true
14533561_3_4780502329197751598.csv,Thing,true
6203246_1_6327569765015338676.csv,Organisation,true
61108455_0_4273649346480472385.csv,Thing,true
45526093_1_6990131237960513588.csv,MusicalWork,true
55070164_2_67873095548925111.csv,BaseballPlayer,true
3383684_0_3473148687387873822.csv,Thing,true
8952296_0_1984648410364541374.csv,BodyOfWater,true
86212703_1_7412739791053555910.csv,Bird,true
84675086_0_6386416780680710863.csv,Bird,true
65372846_1_6196531232013519333.csv,Thing,true
26864218_0_5784627157224024059.csv,Software,true
59299020_0_3228360292506137399.csv,Mountain,true
62452343_1_5629418197455584604.csv,Drug,true
47994201_0_6364640283911588154.csv,Thing,true
15700884_0_8204220284166767221.csv,Company,true
67746678_0_6331643008168708394.csv,Company,true
16867860_0_1493599384745288401.csv,Company,true
68998489_0_2977000448329729615.csv,Thing,true
37796710_2_1634875349507586168.csv,Thing,true
53425741_0_8537491709009419661.csv,Thing,true
42846393_2_6922315287291245126.csv,Athlete,true
35879800_0_5553733374848529514.csv,Thing,true
76024718_4_1950435394014907178.csv,Book,true
52240404_1_1361067467707355053.csv,Company,true
93078729_0_1451251196788678526.csv,Lake,true
288266_0_7360889988107544337.csv,Bird,true
18090069_0_587728670414175092.csv,Thing,true
77526612_0_8961590724422161134.csv,Software,true
41349866_0_4559395588133678785.csv,Thing,true
10068410_0_1159206472287350411.csv,Thing,true
26525126_0_1956447677043660851.csv,Thing,true
63083407_0_4519243883062651004.csv,Thing,true
78066503_0_450870412849495735.csv,Thing,true
12372159_0_7729180787357874342.csv,Thing,true
64379165_1_7077324275805264760.csv,Thing,true
67223637_0_85705833866861604.csv,Person,true
86490710_0_590244328222561787.csv,Thing,true
12746760_0_6703465836620308483.csv,PoliticalParty,true
37185520_0_4615536886172194928.csv,Country,true
24714254_0_8162108936069417059.csv,Thing,true
302973_0_8683424490633383186.csv,Thing,true
60274186_4_3218616946163997872.csv,Thing,true
7929299_0_3253718003116029649.csv,Airport,true
45087892_0_5224161698429906101.csv,Thing,true
33167985_0_5220049369716352813.csv,Animal,true
34117882_0_3714273916884462264.csv,Thing,true
97941125_0_8220652154649529701.csv,Country,true
8468806_0_4382447409703007384.csv,Lake,true
87201774_0_6686816102988795001.csv,Plant,true
8522018_37_6655050873624895859.csv,Person,true
8146787_0_5277847531381392909.csv,ChemicalCompound,true
7479139_0_2559867006093460032.csv,Thing,true
79560955_0_1284785565178929055.csv,Thing,true
36347487_0_4656587584735574669.csv,Thing,true
75028563_1_8693885428421840586.csv,Company,true
25787670_0_969088892848485066.csv,Thing,true
49551564_0_3681401057769114301.csv,Thing,true
36999347_3_4236447731150299926.csv,Thing,true
2737396_0_8246857808384947710.csv,Place,true
49772588_0_6549847739640234347.csv,Country,true
61677818_0_6481546782401810538.csv,Thing,true
72868513_0_2809948180252773831.csv,Thing,true
49667639_0_3315123673895708705.csv,Thing,true
36981978_0_2366519838321023794.csv,Thing,true
54306028_0_2744059234719972284.csv,Thing,true
24513913_0_7628579353353451602.csv,Thing,true
25983467_0_2243019254587516832.csv,Plant,true
43729470_0_5709342811663792178.csv,Country,true
45071388_1_8731461891089205976.csv,University,true
22386456_0_4581635782853485969.csv,Thing,true
78087647_1_6294355010146661630.csv,Thing,true
31725861_3_3778233332047294098.csv,Thing,true
67417260_0_2565563726931983568.csv,Thing,true
2538467_0_8192498781403350162.csv,Thing,true
47578917_0_1018464277255602497.csv,Thing,true
33775048_0_6557479702990760597.csv,Thing,true
14732585_2_9097877302396983814.csv,Thing,true
1904466_2_5599744226885603006.csv,Company,true
13590662_20_8279208877128078776.csv,Thing,true
14908380_0_7949364356333569222.csv,Thing,true
28119045_0_6678285749770950814.csv,Thing,true
14067031_0_559833072073397908.csv,Country,true
17167790_0_5345921575574015166.csv,Thing,true
2877333_0_1156447235909854277.csv,Thing,true
48805028_0_8933391169600128370.csv,Bird,true
32936911_188_6847185709338361522.csv,Thing,true
41336118_0_4331895026409635103.csv,Company,true
68779923_0_3859283110041832023.csv,Country,true
89497945_0_3654337410478898345.csv,Company,true
20653003_0_8560257990886644206.csv,Thing,true
15601803_0_1613263112371321173.csv,Thing,true
78761997_3_8777163179755935543.csv,Thing,true
59659504_0_2617358425254069121.csv,Thing,true
22870718_0_8249480766245225618.csv,Company,true